https://github.com/graphql/graphql-js,a81e6238fa3f3dd317cb33572dcc97020376c329
https://github.com/wenyan-lang/wenyan,97f0a4b8c5a815467c5c2cac08215d722efde208
https://github.com/nextui-org/nextui,cf0d4e471ec2dd3c2fbebbd58355a821e1aebcf3
https://github.com/vueuse/vueuse,1558cd2b5b019abc1feda6d702caa1053a182903
https://github.com/Lissy93/web-check,728a8237aa4c11e7776113e267ec8c10956b68c3
https://github.com/OI-wiki/OI-wiki,4775fdd11a29437e4b32505ab2559addb8bac9db
https://github.com/BuilderIO/gpt-crawler,892cd9d61fcce1402675214d147c74afc662329a
https://github.com/ionic-team/ionicons,e81ddbdb4be95c21cb76c86e4230bcbd499fbc02
https://github.com/shadcn-ui/taxonomy,651f984e52edd65d40ccd55e299c1baeea3ff017
https://github.com/material-components/material-components-web,453a6248a0088c8243852fd20f83fa50c71f3a5f
https://github.com/CopyTranslator/CopyTranslator,735d2eb9eadea480a109e2432fb77481781f2cb3
https://github.com/nhn/tui.editor,0c5c11bac0b9954e2cac2ff2a081ce8c80a5f14d
https://github.com/transitive-bullshit/chatgpt-api,73fb30bc11b7b7d05409fe491562c2a4546cbd80
https://github.com/umijs/qiankun,eeebd3f76aa3a9d026b4f3a4e86682088e6295c1
https://github.com/tusen-ai/naive-ui,046ee399417b39a0eb10d6eb172e235a33c12638
https://github.com/compiler-explorer/compiler-explorer,90c316c087f82648ad398a778c8243128f7153e3
https://github.com/sass/sass,042521d5089b27c349193b0ac1a181ad43346b52
https://github.com/typescript-eslint/typescript-eslint,d5615d72fbd899b0827b10a00192e6bce9f0c4eb
https://github.com/leon-ai/leon,84b84453a77d3d557e826f511e4d6e38e22b2313
https://github.com/mayooear/gpt4-pdf-chatbot-langchain,138bba4f0782e5667f75df104743b11fc1308541
https://github.com/RealKai42/qwerty-learner,3561d61b04cf111266896424ce146a0844b7cd3b
https://github.com/BrainJS/brain.js,d7b4b03c5a53b05a6eff8aa6e0db2ef20b7ae291
https://github.com/video-dev/hls.js,4cd7347a05f56199547134c530ff074f464b4e28
https://github.com/whyour/qinglong,8d14c9dae1ca6e30a903bf557a38ce44e9ba3ac3
https://github.com/angular-ui/ui-router,e8694114594d5aaf9f40e27b8ba194bca85595de
https://github.com/chartist-js/chartist,10679003a8cec24f9c1f559bdd0c241ec02319a4
https://github.com/wong2/chatgpt-google-extension,62ec83f51081cc9f9cf32acf2f88ddd7da50e05b
https://github.com/alibaba/hooks,120099c7019a88938d8d52a5d4f8f3db39111e20
https://github.com/expo/create-react-native-app,a1614e449d11c3c61a41abbb900aa9bef8a2c5ae
https://github.com/FaridSafi/react-native-gifted-chat,ba06287912151dbfb71951893d0454db8aafd5a5
https://github.com/fuergaosi233/wechat-chatgpt,e96349ffa2173b20135809601eb7ee7b996a3111
https://github.com/SawyerHood/draw-a-ui,cc9cf808218288e88b106d3b9bc05c25fc32b942
https://github.com/linnovate/mean,f7120932bb7809dcaf4966374cc5b87c9e379d21
https://github.com/callstack/react-native-paper,813cdd47a90ee3bb693c6ec143af73092cd3edae
https://github.com/antvis/G2,75feead8aecf77e80d73599c0466cc18f8ac14ea
https://github.com/peers/peerjs,9b7cf22cc6b0afd0ef3d5e330da80ec4f8d7fd4b
https://github.com/botpress/botpress,3f7e109bd5a2b0cda2f8f72420d84c96498032e7
https://github.com/tensorflow/playground,02469bd3751764b20486015d4202b792af5362a6
https://github.com/ant-design/ant-design-mobile,cf550e43989cbe9f0cc2c78cb84dd57ac5b4fff9
https://github.com/Sairyss/domain-driven-hexagon,43ae414c9571406cf684bb8244136dcfce8e0d8d
https://github.com/microsoft/frontend-bootcamp,7cea32428e16b33a2ae4e54d2a87274a8171559b
https://github.com/styleguidist/react-styleguidist,5574044816a083bd6958456d8d98b422a28c4992
https://github.com/antvis/G6,72c5e746113e05df416d03c07e458e4922ee3b27
https://github.com/dotansimha/graphql-code-generator,c693722ad4ab9de6bd029f8b8e0cc1916b2eed26
https://github.com/element-hq/element-web,f835c678bfa0759bf4d5f890797ee5e6d2cdb983
https://github.com/szimek/signature_pad,9ec285e51c8fcc2b1caa82ea867d7aaaaf16c0b7
https://github.com/keplergl/kepler.gl,4932e76acf37167481df6b222e293c16d78af2c5
https://github.com/cuixiaorui/mini-vue,07e4e10a5ccde25a78d4554c864030ddc6c4f1a3
https://github.com/tweenjs/tween.js,451041100e54c8cd2472872e307c1895f7ede7db
https://github.com/juice-shop/juice-shop,bc9cef1276578675beeb596898068ae37a6b57ff
https://github.com/wix/react-native-calendars,7d29982580912c9c19339b56ae7acb59b8409d3f
https://github.com/howtographql/howtographql,bdec337878fe66cab3ec2868630a7eab72dfa34e
https://github.com/mqttjs/MQTT.js,9a18610daf7b350476c1d92347dc24f56882887b
https://github.com/ng-bootstrap/ng-bootstrap,b5d5febde5691286211dd2401c2cb5334db0851f
https://github.com/Jigsaw-Code/outline-apps,6aaaf70de502ed6accf16a7662b2885781498464
https://github.com/tradingview/lightweight-charts,59eec42a21519d2dbc59b4a90a246b73f661f824
https://github.com/katspaugh/wavesurfer.js,6011bebacfa9f616e08befcc8b028fc66fb42616
https://github.com/thedevs-network/kutt,041aed5ad6d9c049aaefa9f150e93bf8835f2203
https://github.com/inorganik/countUp.js,0db37b8f2c4b1a7b267fbaee3ee917e8a7a3de33
https://github.com/xiangsx/gpt4free-ts,dc7a18fc0d56f5b32ff3a5aba1ff3c1a0ec70328
https://github.com/adazzle/react-data-grid,3e58758e9ca6d8ea2deacfb20a18d7d745d8c73c